time,VHM0_WW,VTM01_WW,VMDR_WW,VHM0_SW1,VTM01_SW1,VMDR_SW1,steepness_wind_sea,steepness_swell
2026-08-21 14:00:00,0.862,3.949,341.160,0.653,6.018,340.832,0.035,0.012
2026-08-21 15:00:00,0.850,3.945,338.024,0.659,6.054,342.434,0.035,0.012
2026-08-21 16:00:00,0.801,3.834,336.655,0.700,6.093,342.504,0.035,0.012
2026-08-21 17:00:00,0.785,3.814,338.342,0.698,6.153,339.709,0.035,0.012
2026-08-21 18:00:00,0.762,3.763,341.622,0.711,6.209,337.197,0.034,0.012
2026-08-21 19:00:00,0.745,3.699,346.337,0.707,6.229,336.396,0.035,0.012
2026-08-21 20:00:00,0.786,3.758,349.092,0.645,6.296,337.108,0.036,0.010
2026-08-21 21:00:00,0.854,3.826,350.116,0.569,6.572,335.525,0.037,0.008
2026-08-21 22:00:00,0.973,4.006,349.863,0.478,6.090,330.246,0.039,0.008
2026-08-21 23:00:00,1.094,4.168,349.644,0.427,5.601,321.471,0.040,0.009
2026-08-22 00:00:00,1.210,4.316,348.973,0.412,5.463,317.450,0.042,0.009
2026-08-22 01:00:00,1.292,4.431,347.884,0.448,5.724,326.240,0.042,0.009
2026-08-22 02:00:00,1.376,4.577,345.988,0.450,5.355,330.587,0.042,0.010
2026-08-22 03:00:00,1.461,4.705,344.133,0.455,5.375,328.056,0.042,0.010
2026-08-22 04:00:00,1.505,4.779,342.694,0.495,5.529,330.452,0.042,0.010
2026-08-22 05:00:00,1.532,4.820,342.871,0.494,5.480,326.682,0.042,0.011
2026-08-22 06:00:00,1.535,4.820,344.164,0.505,5.456,325.317,0.042,0.011
2026-08-22 07:00:00,1.518,4.809,344.891,0.523,5.506,333.346,0.042,0.011
2026-08-22 08:00:00,1.471,4.778,345.049,0.589,5.643,348.540,0.041,0.012
2026-08-22 09:00:00,1.487,4.811,344.865,0.530,5.445,353.315,0.041,0.011
2026-08-22 10:00:00,1.504,4.821,344.556,0.522,5.407,358.787,0.041,0.011
2026-08-22 11:00:00,1.528,4.851,343.893,0.514,5.378,9.942,0.042,0.011
2026-08-22 12:00:00,1.534,4.857,342.243,0.558,5.557,18.812,0.042,0.012
2026-08-22 13:00:00,1.528,4.863,340.404,0.627,5.846,22.528,0.041,0.012
2026-08-22 14:00:00,1.525,4.875,339.015,0.685,6.060,20.773,0.041,0.012
2026-08-22 15:00:00,1.540,4.917,338.580,0.702,6.189,19.506,0.041,0.012
2026-08-22 16:00:00,1.523,4.900,338.002,0.736,6.317,16.371,0.041,0.012
2026-08-22 17:00:00,1.456,4.778,336.807,0.810,6.401,12.506,0.041,0.013
2026-08-22 18:00:00,1.390,4.677,336.284,0.871,6.481,9.109,0.041,0.013
2026-08-22 19:00:00,1.333,4.594,337.446,0.896,6.483,4.631,0.040,0.014
2026-08-22 20:00:00,1.231,4.430,338.033,0.958,6.513,1.148,0.040,0.014
2026-08-22 21:00:00,1.132,4.285,337.050,1.006,6.561,1.757,0.039,0.015
2026-08-22 22:00:00,1.076,4.228,335.988,1.010,6.611,4.203,0.039,0.015
2026-08-22 23:00:00,1.067,4.239,335.960,0.964,6.612,8.032,0.038,0.014
2026-08-23 00:00:00,1.053,4.216,335.682,0.948,6.625,9.473,0.038,0.014
2026-08-23 01:00:00,1.047,4.198,335.353,0.947,6.685,10.020,0.038,0.014
2026-08-23 02:00:00,0.985,4.031,333.212,0.996,6.727,7.923,0.039,0.014
2026-08-23 03:00:00,0.919,3.900,331.226,1.053,6.758,5.293,0.039,0.015
2026-08-23 04:00:00,0.908,3.912,332.700,1.053,6.824,4.043,0.038,0.014
2026-08-23 05:00:00,0.825,3.731,332.295,1.114,6.813,1.280,0.038,0.015
2026-08-23 06:00:00,0.715,3.494,330.887,1.166,6.692,359.394,0.037,0.017
2026-08-23 07:00:00,0.613,3.279,329.308,1.188,6.559,358.447,0.037,0.018
2026-08-23 08:00:00,0.568,3.209,330.807,1.170,6.534,358.548,0.035,0.018
2026-08-23 09:00:00,0.530,3.141,333.529,1.150,6.518,358.875,0.034,0.017
2026-08-23 10:00:00,0.481,3.033,336.684,1.140,6.486,359.267,0.033,0.017
2026-08-23 11:00:00,0.403,2.806,339.455,1.140,6.394,359.488,0.033,0.018
2026-08-23 12:00:00,0.337,2.599,344.142,1.134,6.329,359.771,0.032,0.018
2026-08-23 13:00:00,0.285,2.434,350.693,1.127,6.289,0.114,0.031,0.018
2026-08-23 14:00:00,0.234,2.246,357.626,1.121,6.247,0.315,0.030,0.018
2026-08-23 15:00:00,0.201,2.064,2.251,1.113,6.234,0.435,0.030,0.018
2026-08-23 16:00:00,0.194,2.086,8.273,1.105,6.247,0.091,0.029,0.018
2026-08-23 17:00:00,0.175,2.055,13.668,1.101,6.214,359.652,0.027,0.018
2026-08-23 18:00:00,0.171,2.131,20.543,1.092,6.196,359.300,0.024,0.018
2026-08-23 19:00:00,0.188,2.240,26.301,1.079,6.215,359.088,0.024,0.018
2026-08-23 20:00:00,0.182,2.183,30.410,1.070,6.173,359.129,0.024,0.018
2026-08-23 21:00:00,0.136,1.887,29.164,1.063,6.039,359.343,0.024,0.019
2026-08-23 22:00:00,0.110,1.757,32.079,1.044,5.958,359.764,0.023,0.019
2026-08-23 23:00:00,0.100,1.701,35.237,1.018,5.928,0.261,0.022,0.019
2026-08-24 00:00:00,0.125,1.971,35.331,0.989,5.973,0.531,0.021,0.018
2026-08-24 01:00:00,0.115,1.943,37.087,0.965,5.957,0.907,0.020,0.017
2026-08-24 02:00:00,0.113,1.986,39.733,0.942,5.954,1.068,0.018,0.017
2026-08-24 03:00:00,0.119,2.113,43.135,0.920,5.959,0.970,0.017,0.017
2026-08-24 04:00:00,0.094,1.955,50.672,0.905,5.903,0.900,0.016,0.017
2026-08-24 05:00:00,0.090,1.844,49.856,0.887,5.893,0.492,0.017,0.016
2026-08-24 06:00:00,0.112,2.063,52.499,0.867,5.905,0.047,0.017,0.016
2026-08-24 07:00:00,0.123,1.979,56.101,0.848,5.889,359.954,0.020,0.016
2026-08-24 08:00:00,0.148,1.817,61.961,0.825,5.874,0.060,0.029,0.015
2026-08-24 09:00:00,0.201,1.724,70.634,0.799,5.865,0.418,0.043,0.015
2026-08-24 10:00:00,0.252,1.878,79.184,0.772,5.862,1.094,0.046,0.014
2026-08-24 11:00:00,0.302,2.000,84.640,0.746,5.856,1.896,0.048,0.014
2026-08-24 12:00:00,0.357,2.137,87.983,0.721,5.881,2.485,0.050,0.013
2026-08-24 13:00:00,0.427,2.326,83.444,0.693,5.960,2.281,0.051,0.012
2026-08-24 14:00:00,0.499,2.609,81.127,0.668,6.009,2.141,0.047,0.012
2026-08-24 15:00:00,0.590,2.793,73.717,0.634,6.083,0.773,0.048,0.011
2026-08-24 16:00:00,0.679,2.929,70.826,0.611,6.109,359.920,0.051,0.010
2026-08-24 17:00:00,0.772,3.059,70.354,0.582,6.276,0.268,0.053,0.009
2026-08-24 18:00:00,0.864,3.190,71.789,0.560,6.345,0.192,0.054,0.009
2026-08-24 19:00:00,0.948,3.315,74.884,0.611,5.901,0.464,0.055,0.011
2026-08-24 20:00:00,1.022,3.432,76.878,0.639,5.736,2.101,0.056,0.012
2026-08-24 21:00:00,1.083,3.540,78.856,0.633,5.821,3.662,0.055,0.012
2026-08-24 22:00:00,1.128,3.634,79.726,0.625,5.775,5.819,0.055,0.012
2026-08-24 23:00:00,1.247,3.810,72.717,0.587,5.676,5.364,0.055,0.012
2026-08-25 00:00:00,1.409,3.976,67.286,0.513,5.693,6.446,0.057,0.010
2026-08-25 01:00:00,1.541,4.104,66.763,0.509,5.675,11.455,0.059,0.010
2026-08-25 02:00:00,1.613,4.194,70.520,0.554,5.577,7.636,0.059,0.011
2026-08-25 03:00:00,1.646,4.274,73.124,0.590,5.742,7.458,0.058,0.011
2026-08-25 04:00:00,1.651,4.338,73.155,0.589,5.801,8.008,0.056,0.011
2026-08-25 05:00:00,1.625,4.343,73.479,0.587,5.755,9.263,0.055,0.011
2026-08-25 06:00:00,1.613,4.328,73.627,0.574,5.691,10.788,0.055,0.011
2026-08-25 07:00:00,1.579,4.273,76.953,0.619,5.725,12.221,0.055,0.012
2026-08-25 08:00:00,1.551,4.243,78.667,0.624,5.738,14.828,0.055,0.012
2026-08-25 09:00:00,1.484,4.178,81.789,0.669,5.738,17.791,0.054,0.013
2026-08-25 10:00:00,1.447,4.167,79.657,0.623,5.772,20.980,0.053,0.012
2026-08-25 11:00:00,1.386,4.078,80.973,0.643,5.658,25.691,0.053,0.013
2026-08-25 12:00:00,1.339,4.004,82.836,0.652,5.660,24.096,0.053,0.013
2026-08-25 13:00:00,1.271,3.915,86.092,0.699,5.682,22.771,0.053,0.014
2026-08-25 14:00:00,1.159,3.803,88.340,0.755,5.702,23.961,0.051,0.015
2026-08-25 15:00:00,1.032,3.691,88.906,0.781,5.665,25.494,0.049,0.016
2026-08-25 16:00:00,0.967,3.618,90.500,0.749,5.563,24.546,0.047,0.016
2026-08-25 17:00:00,0.904,3.475,96.653,0.772,5.515,23.541,0.048,0.016
2026-08-25 18:00:00,0.856,3.340,103.316,0.797,5.483,24.077,0.049,0.017
2026-08-25 19:00:00,0.864,3.289,107.732,0.782,5.489,24.000,0.051,0.017
2026-08-25 20:00:00,0.915,3.284,117.559,0.782,5.450,25.827,0.054,0.017
2026-08-25 21:00:00,0.954,3.340,127.215,0.782,5.480,28.152,0.055,0.017
2026-08-25 22:00:00,0.969,3.386,134.224,0.767,5.531,29.922,0.054,0.016
2026-08-25 23:00:00,0.978,3.422,140.125,0.741,5.584,30.952,0.054,0.015
2026-08-26 00:00:00,0.964,3.446,142.537,0.706,5.631,30.820,0.052,0.014
2026-08-26 01:00:00,0.929,3.407,143.607,0.676,5.655,30.364,0.051,0.014
2026-08-26 02:00:00,0.884,3.324,149.410,0.649,5.654,29.916,0.051,0.013
2026-08-26 03:00:00,0.840,3.258,159.626,0.624,5.657,29.437,0.051,0.012
2026-08-26 04:00:00,0.847,3.249,171.405,0.600,5.654,28.767,0.051,0.012
2026-08-26 05:00:00,0.918,3.337,182.832,0.577,5.651,27.905,0.053,0.012
2026-08-26 06:00:00,1.022,3.510,191.847,0.552,5.653,27.678,0.053,0.011
2026-08-26 07:00:00,1.133,3.716,198.217,0.523,5.662,27.763,0.053,0.010
2026-08-26 08:00:00,1.245,3.923,202.855,0.492,5.670,28.017,0.052,0.010
2026-08-26 09:00:00,1.327,4.098,205.649,0.462,5.676,28.125,0.051,0.009
2026-08-26 10:00:00,1.371,4.221,206.884,0.442,5.567,15.888,0.049,0.009
2026-08-26 11:00:00,1.363,4.290,207.626,0.454,5.567,346.848,0.047,0.009
2026-08-26 12:00:00,1.297,4.298,207.638,0.489,5.644,348.729,0.045,0.010
2026-08-26 13:00:00,1.158,4.162,205.512,0.574,5.569,294.149,0.043,0.012
2026-08-26 14:00:00,0.873,3.624,200.133,0.750,5.348,237.118,0.043,0.017
2026-08-26 15:00:00,0.578,2.809,185.286,0.879,5.172,223.326,0.047,0.021
2026-08-26 16:00:00,0.421,2.465,162.261,0.879,5.047,220.997,0.044,0.022
2026-08-26 17:00:00,0.336,2.281,150.390,0.823,4.905,222.006,0.041,0.022
2026-08-26 18:00:00,0.311,2.093,140.606,0.744,4.794,223.286,0.045,0.021
2026-08-26 19:00:00,0.336,2.044,130.183,0.666,4.724,223.614,0.051,0.019
2026-08-26 20:00:00,0.396,2.188,130.285,0.590,4.873,227.712,0.053,0.016
2026-08-26 21:00:00,0.455,2.366,133.865,0.534,4.997,234.960,0.052,0.014
2026-08-26 22:00:00,0.481,2.394,129.982,0.487,4.973,235.450,0.054,0.013
2026-08-26 23:00:00,0.508,2.471,126.001,0.439,4.961,237.325,0.053,0.011
2026-08-27 00:00:00,0.540,2.546,120.896,0.395,5.041,262.407,0.053,0.010
2026-08-27 01:00:00,0.559,2.616,115.929,0.364,4.900,236.117,0.052,0.010
2026-08-27 02:00:00,0.569,2.710,116.572,0.347,4.893,43.409,0.050,0.009
2026-08-27 03:00:00,0.555,2.774,118.476,0.334,4.582,68.872,0.046,0.010
2026-08-27 04:00:00,0.524,2.808,120.424,0.297,4.517,56.587,0.043,0.009
2026-08-27 05:00:00,0.463,2.760,124.414,0.304,3.976,59.961,0.039,0.012
2026-08-27 06:00:00,0.403,2.647,121.743,0.321,4.084,55.502,0.037,0.012
2026-08-27 07:00:00,0.400,2.641,124.251,0.301,4.180,43.218,0.037,0.011
2026-08-27 08:00:00,0.364,2.496,145.957,0.313,4.150,41.512,0.037,0.012
2026-08-27 09:00:00,0.363,2.414,167.160,0.325,4.064,40.899,0.040,0.013
2026-08-27 10:00:00,0.425,2.461,183.952,0.321,4.237,35.503,0.045,0.011
2026-08-27 11:00:00,0.393,2.528,199.443,0.341,3.826,74.689,0.039,0.015
2026-08-27 12:00:00,0.201,1.842,227.141,0.417,3.390,160.657,0.038,0.023
2026-08-27 13:00:00,0.264,2.335,206.787,0.370,3.637,167.540,0.031,0.018
2026-08-27 14:00:00,0.401,2.849,197.637,0.275,4.248,32.821,0.032,0.010
2026-08-27 15:00:00,0.383,2.731,200.179,0.293,4.090,41.902,0.033,0.011
2026-08-27 16:00:00,0.322,2.488,194.000,0.308,3.980,33.441,0.033,0.012
2026-08-27 17:00:00,0.330,2.385,198.673,0.284,4.013,30.223,0.037,0.011
2026-08-27 18:00:00,0.406,2.673,206.172,0.240,4.250,28.125,0.036,0.009
2026-08-27 19:00:00,0.436,2.692,208.187,0.232,4.409,27.309,0.039,0.008
2026-08-27 20:00:00,0.436,2.691,207.925,0.230,4.563,26.431,0.039,0.007
2026-08-27 21:00:00,0.428,2.679,207.747,0.234,4.709,24.501,0.038,0.007
2026-08-27 22:00:00,0.435,2.684,210.365,0.240,4.860,25.797,0.039,0.007
2026-08-27 23:00:00,0.419,2.673,214.686,0.238,4.782,30.010,0.038,0.007
