time,uo,vo,speed,direction
2026-08-21 14:00:00,-0.191,-0.578,0.609,198.273
2026-08-21 15:00:00,-0.211,-0.544,0.584,201.208
2026-08-21 16:00:00,-0.168,-0.422,0.454,201.688
2026-08-21 17:00:00,-0.089,-0.219,0.237,202.219
2026-08-21 18:00:00,0.004,0.050,0.050,5.175
2026-08-21 19:00:00,0.087,0.308,0.320,15.730
2026-08-21 20:00:00,0.130,0.457,0.475,15.844
2026-08-21 21:00:00,0.127,0.458,0.475,15.462
2026-08-21 22:00:00,0.088,0.352,0.363,14.077
2026-08-21 23:00:00,0.039,0.165,0.170,13.156
2026-08-22 00:00:00,-0.009,-0.081,0.082,186.662
2026-08-22 01:00:00,-0.064,-0.319,0.325,191.308
2026-08-22 02:00:00,-0.127,-0.474,0.490,194.954
2026-08-22 03:00:00,-0.170,-0.511,0.538,198.386
2026-08-22 04:00:00,-0.165,-0.459,0.487,199.840
2026-08-22 05:00:00,-0.122,-0.339,0.360,199.733
2026-08-22 06:00:00,-0.059,-0.157,0.168,200.525
2026-08-22 07:00:00,0.008,0.062,0.062,7.166
2026-08-22 08:00:00,0.060,0.244,0.251,13.925
2026-08-22 09:00:00,0.081,0.327,0.337,13.912
2026-08-22 10:00:00,0.068,0.308,0.315,12.441
2026-08-22 11:00:00,0.034,0.212,0.215,9.158
2026-08-22 12:00:00,0.000,0.052,0.052,0.439
2026-08-22 13:00:00,-0.030,-0.152,0.155,191.017
2026-08-22 14:00:00,-0.067,-0.343,0.349,191.090
2026-08-22 15:00:00,-0.119,-0.459,0.474,194.491
2026-08-22 16:00:00,-0.152,-0.471,0.495,197.923
2026-08-22 17:00:00,-0.144,-0.403,0.428,199.639
2026-08-22 18:00:00,-0.099,-0.269,0.287,200.126
2026-08-22 19:00:00,-0.038,-0.080,0.088,205.404
2026-08-22 20:00:00,0.020,0.126,0.128,9.148
2026-08-22 21:00:00,0.062,0.283,0.290,12.338
2026-08-22 22:00:00,0.078,0.346,0.355,12.767
2026-08-22 23:00:00,0.068,0.323,0.330,11.906
2026-08-23 00:00:00,0.040,0.224,0.228,10.202
2026-08-23 01:00:00,0.008,0.056,0.056,8.374
2026-08-23 02:00:00,-0.027,-0.153,0.155,189.870
2026-08-23 03:00:00,-0.073,-0.338,0.345,192.161
2026-08-23 04:00:00,-0.127,-0.446,0.464,195.898
2026-08-23 05:00:00,-0.162,-0.460,0.488,199.425
2026-08-23 06:00:00,-0.161,-0.394,0.426,202.257
2026-08-23 07:00:00,-0.129,-0.258,0.289,206.608
2026-08-23 08:00:00,-0.081,-0.064,0.103,231.354
2026-08-23 09:00:00,-0.021,0.142,0.144,351.444
2026-08-23 10:00:00,0.032,0.305,0.306,6.078
2026-08-23 11:00:00,0.065,0.387,0.392,9.498
2026-08-23 12:00:00,0.068,0.384,0.390,10.098
2026-08-23 13:00:00,0.052,0.296,0.300,10.045
2026-08-23 14:00:00,0.032,0.122,0.126,14.500
2026-08-23 15:00:00,0.005,-0.109,0.109,177.557
2026-08-23 16:00:00,-0.045,-0.326,0.329,187.793
2026-08-23 17:00:00,-0.117,-0.463,0.477,194.173
2026-08-23 18:00:00,-0.175,-0.488,0.518,199.760
2026-08-23 19:00:00,-0.182,-0.411,0.449,203.869
2026-08-23 20:00:00,-0.143,-0.247,0.286,210.069
2026-08-23 21:00:00,-0.075,-0.009,0.076,263.420
2026-08-23 22:00:00,0.003,0.246,0.246,0.671
2026-08-23 23:00:00,0.069,0.436,0.442,8.987
2026-08-24 00:00:00,0.107,0.504,0.515,12.024
2026-08-24 01:00:00,0.110,0.447,0.460,13.791
2026-08-24 02:00:00,0.087,0.286,0.299,17.002
2026-08-24 03:00:00,0.052,0.037,0.064,54.286
2026-08-24 04:00:00,-0.001,-0.236,0.236,180.344
2026-08-24 05:00:00,-0.076,-0.446,0.452,189.698
2026-08-24 06:00:00,-0.151,-0.538,0.559,195.715
2026-08-24 07:00:00,-0.191,-0.513,0.547,200.478
2026-08-24 08:00:00,-0.192,-0.394,0.438,206.058
2026-08-24 09:00:00,-0.165,-0.185,0.248,221.753
2026-08-24 10:00:00,-0.105,0.092,0.139,311.231
2026-08-24 11:00:00,-0.014,0.364,0.365,357.835
2026-08-24 12:00:00,0.065,0.546,0.549,6.805
2026-08-24 13:00:00,0.097,0.585,0.593,9.381
2026-08-24 14:00:00,0.082,0.482,0.489,9.607
2026-08-24 15:00:00,0.052,0.260,0.266,11.238
2026-08-24 16:00:00,0.014,-0.051,0.053,164.276
2026-08-24 17:00:00,-0.052,-0.360,0.364,188.223
2026-08-24 18:00:00,-0.155,-0.565,0.586,195.306
2026-08-24 19:00:00,-0.240,-0.611,0.657,201.462
2026-08-24 20:00:00,-0.262,-0.527,0.588,206.444
2026-08-24 21:00:00,-0.221,-0.348,0.412,212.420
2026-08-24 22:00:00,-0.133,-0.069,0.150,242.582
2026-08-24 23:00:00,-0.008,0.250,0.250,358.220
2026-08-25 00:00:00,0.087,0.490,0.498,10.053
2026-08-25 01:00:00,0.107,0.566,0.576,10.715
2026-08-25 02:00:00,0.071,0.482,0.487,8.440
2026-08-25 03:00:00,0.019,0.286,0.286,3.884
2026-08-25 04:00:00,-0.024,-0.002,0.024,264.966
2026-08-25 05:00:00,-0.082,-0.313,0.323,194.597
2026-08-25 06:00:00,-0.167,-0.528,0.554,197.510
2026-08-25 07:00:00,-0.243,-0.597,0.645,202.141
2026-08-25 08:00:00,-0.267,-0.526,0.590,206.911
2026-08-25 09:00:00,-0.238,-0.360,0.432,213.470
2026-08-25 10:00:00,-0.167,-0.094,0.191,240.669
2026-08-25 11:00:00,-0.042,0.231,0.235,349.719
2026-08-25 12:00:00,0.104,0.531,0.541,11.124
2026-08-25 13:00:00,0.175,0.702,0.723,14.014
2026-08-25 14:00:00,0.156,0.698,0.715,12.577
2026-08-25 15:00:00,0.115,0.553,0.565,11.710
2026-08-25 16:00:00,0.089,0.281,0.295,17.597
2026-08-25 17:00:00,0.056,-0.081,0.098,145.277
2026-08-25 18:00:00,-0.024,-0.410,0.411,183.399
2026-08-25 19:00:00,-0.141,-0.598,0.615,193.251
2026-08-25 20:00:00,-0.226,-0.616,0.656,200.182
2026-08-25 21:00:00,-0.229,-0.480,0.531,205.483
2026-08-25 22:00:00,-0.149,-0.225,0.270,213.563
2026-08-25 23:00:00,-0.002,0.154,0.154,359.224
2026-08-26 00:00:00,0.170,0.545,0.571,17.278
2026-08-26 01:00:00,0.270,0.795,0.839,18.751
2026-08-26 02:00:00,0.277,0.815,0.861,18.778
2026-08-26 03:00:00,0.242,0.670,0.712,19.831
2026-08-26 04:00:00,0.213,0.392,0.446,28.472
2026-08-26 05:00:00,0.188,0.021,0.189,83.651
2026-08-26 06:00:00,0.106,-0.335,0.352,162.523
2026-08-26 07:00:00,-0.033,-0.546,0.547,183.455
2026-08-26 08:00:00,-0.144,-0.576,0.594,194.061
2026-08-26 09:00:00,-0.169,-0.461,0.491,200.128
2026-08-26 10:00:00,-0.123,-0.233,0.263,207.851
2026-08-26 11:00:00,-0.013,0.119,0.120,353.560
2026-08-26 12:00:00,0.169,0.506,0.534,18.455
2026-08-26 13:00:00,0.314,0.796,0.856,21.520
2026-08-26 14:00:00,0.317,0.877,0.933,19.890
2026-08-26 15:00:00,0.253,0.781,0.821,17.944
2026-08-26 16:00:00,0.201,0.536,0.572,20.575
2026-08-26 17:00:00,0.180,0.142,0.229,51.662
2026-08-26 18:00:00,0.113,-0.307,0.327,159.891
2026-08-26 19:00:00,-0.041,-0.642,0.643,183.644
2026-08-26 20:00:00,-0.209,-0.759,0.787,195.388
2026-08-26 21:00:00,-0.279,-0.682,0.736,202.275
2026-08-26 22:00:00,-0.239,-0.469,0.527,206.981
2026-08-26 23:00:00,-0.123,-0.123,0.174,225.093
2026-08-27 00:00:00,0.055,0.328,0.332,9.529
2026-08-27 01:00:00,0.220,0.731,0.763,16.777
2026-08-27 02:00:00,0.269,0.889,0.929,16.813
2026-08-27 03:00:00,0.216,0.811,0.839,14.911
2026-08-27 04:00:00,0.145,0.582,0.600,13.976
2026-08-27 05:00:00,0.111,0.217,0.244,27.190
2026-08-27 06:00:00,0.064,-0.227,0.236,164.194
2026-08-27 07:00:00,-0.065,-0.580,0.584,186.396
2026-08-27 08:00:00,-0.215,-0.726,0.757,196.454
2026-08-27 09:00:00,-0.269,-0.668,0.720,201.914
2026-08-27 10:00:00,-0.235,-0.473,0.528,206.451
2026-08-27 11:00:00,-0.147,-0.146,0.207,225.221
2026-08-27 12:00:00,0.015,0.278,0.278,3.075
2026-08-27 13:00:00,0.244,0.681,0.724,19.731
2026-08-27 14:00:00,0.362,0.935,1.002,21.148
2026-08-27 15:00:00,0.297,0.918,0.965,17.958
2026-08-27 16:00:00,0.201,0.731,0.758,15.383
2026-08-27 17:00:00,0.154,0.383,0.413,21.915
2026-08-27 18:00:00,0.136,-0.094,0.166,124.581
2026-08-27 19:00:00,0.041,-0.536,0.538,175.644
2026-08-27 20:00:00,-0.136,-0.780,0.791,189.905
2026-08-27 21:00:00,-0.252,-0.789,0.828,197.741
2026-08-27 22:00:00,-0.247,-0.641,0.687,201.103
2026-08-27 23:00:00,-0.163,-0.370,0.404,203.753
2026-08-28 00:00:00,-0.012,0.054,0.055,347.615
